{"0": 1.0, "1": 0.80000775, "2": 0.6403622, "3": 0.51282985, "4": 0.41047205, "5": 0.32860285, "6": 0.26300505, "7": 0.2104802, "8": 0.16851315, "9": 0.13493855, "10": 0.10794945, "11": 0.08641625, "12": 0.06908745, "13": 0.05527395, "14": 0.04413715, "15": 0.03520555, "16": 0.0280971, "17": 0.02243265, "18": 0.01792665, "19": 0.0143245, "20": 0.0114657, "21": 0.00915555, "22": 0.00735995, "23": 0.00591795, "24": 0.0047423, "25": 0.00381355, "26": 0.0030702, "27": 0.0024618, "28": 0.00197275, "29": 0.0015741, "30": 0.00124015, "31": 0.00098845, "32": 0.00077625, "33": 0.00060835, "34": 0.000466, "35": 0.00036275, "36": 0.0002815, "37": 0.0002183, "38": 0.000171, "39": 0.00013445, "40": 0.0001092, "41": 8.91e-05, "42": 7.055e-05, "43": 5.66e-05, "44": 4.485e-05, "45": 3.49e-05, "46": 2.68e-05, "47": 2.02e-05, "48": 1.475e-05, "49": 9.6e-06, "50": 7.7e-06, "51": 6e-06, "52": 4.4e-06, "53": 3.2e-06, "54": 1.3e-06, "55": 5e-07, "56": 2e-07}