{"90": 4e-06, "89": 5e-06, "88": 7e-06, "87": 8e-06, "86": 1.1e-05, "85": 1.5e-05, "84": 2.1e-05, "83": 3.3e-05, "82": 4.1e-05, "81": 5.7e-05, "80": 7.2e-05, "79": 9.1e-05, "78": 0.000127, "77": 0.000153, "76": 0.000185, "75": 0.000228, "74": 0.000292, "73": 0.000351, "72": 0.000445, "71": 0.000524, "70": 0.000657, "69": 0.000797, "68": 0.000942, "67": 0.001093, "66": 0.001244, "65": 0.001386, "64": 0.00152, "63": 0.001664, "62": 0.00182, "61": 0.002001, "60": 0.002212, "59": 0.002437, "58": 0.002658, "57": 0.002894, "56": 0.003182, "55": 0.003491, "54": 0.003825, "53": 0.004238, "52": 0.004713, "51": 0.005194, "50": 0.005753, "49": 0.006355, "48": 0.006963, "47": 0.007617, "46": 0.008325, "45": 0.009199, "44": 0.010135, "43": 0.011127, "42": 0.012193, "41": 0.01338, "40": 0.01476, "39": 0.016328, "38": 0.018172, "37": 0.020119, "36": 0.022278, "35": 0.024645, "34": 0.027247, "33": 0.030049, "32": 0.033317, "31": 0.036897, "30": 0.040723, "29": 0.045117, "28": 0.049943, "27": 0.055389, "26": 0.061364, "25": 0.068254, "24": 0.076084, "23": 0.084868, "22": 0.094402, "21": 0.105114, "20": 0.1171, "19": 0.130513, "18": 0.145384, "17": 0.161844, "16": 0.179966, "15": 0.200696, "14": 0.223734, "13": 0.249655, "12": 0.278133, "11": 0.31006, "10": 0.345479, "9": 0.384715, "8": 0.428258, "7": 0.47646, "6": 0.529678, "5": 0.589471, "4": 0.655708, "3": 0.729031, "2": 0.810801, "1": 0.900663, "0": 1.0}