{"43": 3e-06, "42": 6e-06, "41": 1.9e-05, "40": 4.1e-05, "39": 6.8e-05, "38": 0.000106, "37": 0.000135, "36": 0.000183, "35": 0.000237, "34": 0.000332, "33": 0.000453, "32": 0.00063, "31": 0.000899, "30": 0.00121, "29": 0.0016, "28": 0.0021, "27": 0.002679, "26": 0.00336, "25": 0.004216, "24": 0.005185, "23": 0.006407, "22": 0.007896, "21": 0.009798, "20": 0.012209, "19": 0.015288, "18": 0.019179, "17": 0.023871, "16": 0.029531, "15": 0.036566, "14": 0.045283, "13": 0.056103, "12": 0.069593, "11": 0.086519, "10": 0.107496, "9": 0.133163, "8": 0.165558, "7": 0.206892, "6": 0.259165, "5": 0.324396, "4": 0.407319, "3": 0.509839, "2": 0.638424, "1": 0.799154, "0": 1.0}