{"10": 0.070122, "9": 0.143634, "8": 0.220714, "7": 0.30184, "6": 0.387, "5": 0.476487, "4": 0.571498, "3": 0.670597, "2": 0.775023, "1": 0.884379, "0": 1.0}