{"73": 1e-05, "72": 5e-05, "71": 0.00013, "70": 0.00021, "69": 0.0003, "68": 0.00035, "67": 0.00043, "66": 0.0005, "65": 0.00058, "64": 0.00068, "63": 0.00079, "62": 0.00094, "61": 0.0011, "60": 0.00137, "59": 0.00166, "58": 0.00212, "57": 0.00253, "56": 0.00301, "55": 0.00332, "54": 0.00397, "53": 0.00478, "52": 0.00569, "51": 0.00642, "50": 0.00725, "49": 0.00798, "48": 0.00895, "47": 0.00982, "46": 0.01091, "45": 0.01212, "44": 0.01341, "43": 0.01466, "42": 0.01623, "41": 0.01799, "40": 0.02006, "39": 0.02219, "38": 0.02423, "37": 0.02608, "36": 0.02794, "35": 0.02997, "34": 0.03173, "33": 0.03423, "32": 0.03679, "31": 0.03949, "30": 0.04319, "29": 0.04753, "28": 0.05254, "27": 0.05803, "26": 0.06487, "25": 0.07225, "24": 0.08005, "23": 0.0884, "22": 0.09802, "21": 0.10843, "20": 0.12013, "19": 0.13233, "18": 0.14636, "17": 0.16274, "16": 0.18086, "15": 0.20232, "14": 0.22564, "13": 0.25168, "12": 0.28028, "11": 0.31164, "10": 0.34601, "9": 0.38306, "8": 0.42529, "7": 0.47135, "6": 0.523, "5": 0.58158, "4": 0.64593, "3": 0.71871, "2": 0.80163, "1": 0.8956, "0": 1.0}