{"10": 0.082087, "9": 0.165708, "8": 0.250366, "7": 0.336466, "6": 0.42462, "5": 0.51492, "4": 0.607252, "3": 0.701348, "2": 0.797821, "1": 0.897791, "0": 1.0}