{"56": 1e-06, "55": 3e-06, "54": 1.1e-05, "53": 1.3e-05, "52": 2.3e-05, "51": 3.5e-05, "50": 5.6e-05, "49": 7.7e-05, "48": 0.000109, "47": 0.000147, "46": 0.00018, "45": 0.000243, "44": 0.000323, "43": 0.000428, "42": 0.000529, "41": 0.00065, "40": 0.000777, "39": 0.000946, "38": 0.001167, "37": 0.001395, "36": 0.001669, "35": 0.002017, "34": 0.002403, "33": 0.002811, "32": 0.003267, "31": 0.003876, "30": 0.004584, "29": 0.00549, "28": 0.00653, "27": 0.007754, "26": 0.009178, "25": 0.01088, "24": 0.013053, "23": 0.015734, "22": 0.018891, "21": 0.022667, "20": 0.027363, "19": 0.032632, "18": 0.039083, "17": 0.046811, "16": 0.05598, "15": 0.066958, "14": 0.080151, "13": 0.095427, "12": 0.113858, "11": 0.135629, "10": 0.161639, "9": 0.193063, "8": 0.230059, "7": 0.27428, "6": 0.326398, "5": 0.388564, "4": 0.463015, "3": 0.552478, "2": 0.661829, "1": 0.799277, "0": 1.0}