{"10": 0.252416, "9": 0.439338, "8": 0.579926, "7": 0.686522, "6": 0.768879, "5": 0.832701, "4": 0.88301, "3": 0.922703, "2": 0.954228, "1": 0.979521, "0": 1.0}