{"3": 0.001128, "2": 0.176435, "1": 0.799187, "0": 1.0}