{"4": 0.000261, "3": 0.014104, "2": 0.370088, "1": 0.899033, "0": 1.0}