{"4": 1e-05, "3": 0.01104, "2": 0.36857, "1": 0.89557, "0": 1.0}