{"10": 0.007205, "9": 0.023613, "8": 0.048153, "7": 0.086903, "6": 0.151142, "5": 0.242697, "4": 0.39697, "3": 0.643634, "2": 0.899306, "1": 0.988694, "0": 1.0}