{"3": 9.4e-05, "2": 0.124399, "1": 0.799571, "0": 1.0}