{"5": 0.000175, "4": 0.009653, "3": 0.128419, "2": 0.623822, "1": 0.951082, "0": 1.0}