{"6": 3.2e-05, "5": 0.002656, "4": 0.042565, "3": 0.213495, "2": 0.510474, "1": 0.797703, "0": 1.0}