{"0": 1.0, "1": 0.79954935, "2": 0.51251545, "3": 0.2157656, "4": 0.0431228, "5": 0.0027131, "6": 4.465e-05, "7": 2.5e-07}