{"8": 1e-05, "7": 0.00024, "6": 0.00496, "5": 0.05229, "4": 0.21587, "3": 0.47581, "2": 0.72571, "1": 0.89782, "0": 1.0}