{"8": 9e-06, "7": 0.00038, "6": 0.007305, "5": 0.059287, "4": 0.225363, "3": 0.485559, "2": 0.730269, "1": 0.900421, "0": 1.0}