{"10": 0.039864, "9": 0.110671, "8": 0.222773, "7": 0.378593, "6": 0.557504, "5": 0.721995, "4": 0.845198, "3": 0.921878, "2": 0.965296, "1": 0.988279, "0": 1.0}