{"10": 3.9e-05, "9": 0.000453, "8": 0.003542, "7": 0.020971, "6": 0.087033, "5": 0.241803, "4": 0.470084, "3": 0.69118, "2": 0.850666, "1": 0.947033, "0": 1.0}