{"8": 3e-06, "7": 6.4e-05, "6": 0.001527, "5": 0.02048, "4": 0.110322, "3": 0.307407, "2": 0.561297, "1": 0.799566, "0": 1.0}