{"8": 1.6e-05, "7": 0.000567, "6": 0.008866, "5": 0.064106, "4": 0.23226, "3": 0.490419, "2": 0.733064, "1": 0.901778, "0": 1.0}