{"0": 1.0, "1": 0.79975475, "2": 0.41460955, "3": 0.06923935, "4": 0.0011321, "5": 6e-07}