{"4": 0.00181, "3": 0.08671, "2": 0.53328, "1": 0.89428, "0": 1.0}