{"6": 0.00017, "5": 0.004723, "4": 0.054076, "3": 0.312999, "2": 0.745831, "1": 0.949747, "0": 1.0}