{"4": 1e-06, "3": 0.005772, "2": 0.277223, "1": 0.799494, "0": 1.0}