{"5": 4e-06, "4": 0.001742, "3": 0.090758, "2": 0.547684, "1": 0.899633, "0": 1.0}