{"4": 0.000155, "3": 0.023026, "2": 0.344677, "1": 0.799297, "0": 1.0}