{"10": 0.005327, "9": 0.026633, "8": 0.068937, "7": 0.127453, "6": 0.20916, "5": 0.334737, "4": 0.547775, "3": 0.798442, "2": 0.945997, "1": 0.990439, "0": 1.0}