{"4": 0.001419, "3": 0.086022, "2": 0.540674, "1": 0.898013, "0": 1.0}