{"0": 1.0, "1": 0.79982685, "2": 0.27845, "3": 0.00582945, "4": 1.25e-06}