{"4": 7e-05, "3": 0.0247, "2": 0.43096, "1": 0.89978, "0": 1.0}